source_group,run_group,nata_cat,nei_cat,scc
OR-Refueling,LDON4,Onroad,Onroad,2201110162
OR-LightDuty-OffNetwork-Gas,LDOFF12,Onroad,Onroad,2201110172
OR-LightDuty-OnNetwork-Gas,LDON4,Onroad,Onroad,2201110240
OR-Refueling,LDON4,Onroad,Onroad,2201110262
OR-LightDuty-OnNetwork-Gas,LDON4,Onroad,Onroad,2201110272
OR-LightDuty-OnNetwork-Gas,LDON4,Onroad,Onroad,2201110340
OR-Refueling,LDON4,Onroad,Onroad,2201110362
OR-LightDuty-OnNetwork-Gas,LDON4,Onroad,Onroad,2201110372
OR-LightDuty-OnNetwork-Gas,LDON4,Onroad,Onroad,2201110440
OR-Refueling,LDON4,Onroad,Onroad,2201110462
OR-LightDuty-OnNetwork-Gas,LDON4,Onroad,Onroad,2201110472
OR-LightDuty-OnNetwork-Gas,LDON4,Onroad,Onroad,2201110540
OR-Refueling,LDON4,Onroad,Onroad,2201110562
OR-LightDuty-OnNetwork-Gas,LDON4,Onroad,Onroad,2201110572
OR-Refueling,LDON4,Onroad,Onroad,2201210162
OR-LightDuty-OffNetwork-Gas,LDOFF12,Onroad,Onroad,2201210172
OR-LightDuty-OnNetwork-Gas,LDON4,Onroad,Onroad,2201210240
OR-Refueling,LDON4,Onroad,Onroad,2201210262
OR-LightDuty-OnNetwork-Gas,LDON4,Onroad,Onroad,2201210272
OR-LightDuty-OnNetwork-Gas,LDON4,Onroad,Onroad,2201210340
OR-Refueling,LDON4,Onroad,Onroad,2201210362
OR-LightDuty-OnNetwork-Gas,LDON4,Onroad,Onroad,2201210372
OR-LightDuty-OnNetwork-Gas,LDON4,Onroad,Onroad,2201210440
OR-Refueling,LDON4,Onroad,Onroad,2201210462
OR-LightDuty-OnNetwork-Gas,LDON4,Onroad,Onroad,2201210472
OR-LightDuty-OnNetwork-Gas,LDON4,Onroad,Onroad,2201210540
OR-Refueling,LDON4,Onroad,Onroad,2201210562
OR-LightDuty-OnNetwork-Gas,LDON4,Onroad,Onroad,2201210572
OR-Refueling,LDON4,Onroad,Onroad,2201310162
OR-LightDuty-OffNetwork-Gas,LDOFF12,Onroad,Onroad,2201310172
OR-LightDuty-OnNetwork-Gas,LDON4,Onroad,Onroad,2201310240
OR-Refueling,LDON4,Onroad,Onroad,2201310262
OR-LightDuty-OnNetwork-Gas,LDON4,Onroad,Onroad,2201310272
OR-LightDuty-OnNetwork-Gas,LDON4,Onroad,Onroad,2201310340
OR-Refueling,LDON4,Onroad,Onroad,2201310362
OR-LightDuty-OnNetwork-Gas,LDON4,Onroad,Onroad,2201310372
OR-LightDuty-OnNetwork-Gas,LDON4,Onroad,Onroad,2201310440
OR-Refueling,LDON4,Onroad,Onroad,2201310462
OR-LightDuty-OnNetwork-Gas,LDON4,Onroad,Onroad,2201310472
OR-LightDuty-OnNetwork-Gas,LDON4,Onroad,Onroad,2201310540
OR-Refueling,LDON4,Onroad,Onroad,2201310562
OR-LightDuty-OnNetwork-Gas,LDON4,Onroad,Onroad,2201310572
OR-Refueling,LDON4,Onroad,Onroad,2201320162
OR-LightDuty-OffNetwork-Gas,LDOFF12,Onroad,Onroad,2201320172
OR-LightDuty-OnNetwork-Gas,LDON4,Onroad,Onroad,2201320240
OR-Refueling,LDON4,Onroad,Onroad,2201320262
OR-LightDuty-OnNetwork-Gas,LDON4,Onroad,Onroad,2201320272
OR-LightDuty-OnNetwork-Gas,LDON4,Onroad,Onroad,2201320340
OR-Refueling,LDON4,Onroad,Onroad,2201320362
OR-LightDuty-OnNetwork-Gas,LDON4,Onroad,Onroad,2201320372
OR-LightDuty-OnNetwork-Gas,LDON4,Onroad,Onroad,2201320440
OR-Refueling,LDON4,Onroad,Onroad,2201320462
OR-LightDuty-OnNetwork-Gas,LDON4,Onroad,Onroad,2201320472
OR-LightDuty-OnNetwork-Gas,LDON4,Onroad,Onroad,2201320540
OR-Refueling,LDON4,Onroad,Onroad,2201320562
OR-LightDuty-OnNetwork-Gas,LDON4,Onroad,Onroad,2201320572
OR-Refueling,LDON4,Onroad,Onroad,2201420162
OR-HeavyDuty-OffNetwork-Gas,HDOFF12,Onroad,Onroad,2201420172
OR-HeavyDuty-OnNetwork-Gas,HDON4,Onroad,Onroad,2201420240
OR-Refueling,LDON4,Onroad,Onroad,2201420262
OR-HeavyDuty-OnNetwork-Gas,HDON4,Onroad,Onroad,2201420272
OR-HeavyDuty-OnNetwork-Gas,HDON4,Onroad,Onroad,2201420340
OR-Refueling,LDON4,Onroad,Onroad,2201420362
OR-HeavyDuty-OnNetwork-Gas,HDON4,Onroad,Onroad,2201420372
OR-HeavyDuty-OnNetwork-Gas,HDON4,Onroad,Onroad,2201420440
OR-Refueling,LDON4,Onroad,Onroad,2201420462
OR-HeavyDuty-OnNetwork-Gas,HDON4,Onroad,Onroad,2201420472
OR-HeavyDuty-OnNetwork-Gas,HDON4,Onroad,Onroad,2201420540
OR-Refueling,LDON4,Onroad,Onroad,2201420562
OR-HeavyDuty-OnNetwork-Gas,HDON4,Onroad,Onroad,2201420572
OR-Refueling,LDON4,Onroad,Onroad,2201430162
OR-HeavyDuty-OffNetwork-Gas,HDOFF12,Onroad,Onroad,2201430172
OR-HeavyDuty-OnNetwork-Gas,HDON4,Onroad,Onroad,2201430240
OR-Refueling,LDON4,Onroad,Onroad,2201430262
OR-HeavyDuty-OnNetwork-Gas,HDON4,Onroad,Onroad,2201430272
OR-HeavyDuty-OnNetwork-Gas,HDON4,Onroad,Onroad,2201430340
OR-Refueling,LDON4,Onroad,Onroad,2201430362
OR-HeavyDuty-OnNetwork-Gas,HDON4,Onroad,Onroad,2201430372
OR-HeavyDuty-OnNetwork-Gas,HDON4,Onroad,Onroad,2201430440
OR-Refueling,LDON4,Onroad,Onroad,2201430462
OR-HeavyDuty-OnNetwork-Gas,HDON4,Onroad,Onroad,2201430472
OR-HeavyDuty-OnNetwork-Gas,HDON4,Onroad,Onroad,2201430540
OR-Refueling,LDON4,Onroad,Onroad,2201430562
OR-HeavyDuty-OnNetwork-Gas,HDON4,Onroad,Onroad,2201430572
OR-Refueling,LDON4,Onroad,Onroad,2201510162
OR-HeavyDuty-OffNetwork-Gas,HDOFF12,Onroad,Onroad,2201510172
OR-HeavyDuty-OnNetwork-Gas,HDON4,Onroad,Onroad,2201510240
OR-Refueling,LDON4,Onroad,Onroad,2201510262
OR-HeavyDuty-OnNetwork-Gas,HDON4,Onroad,Onroad,2201510272
OR-HeavyDuty-OnNetwork-Gas,HDON4,Onroad,Onroad,2201510340
OR-Refueling,LDON4,Onroad,Onroad,2201510362
OR-HeavyDuty-OnNetwork-Gas,HDON4,Onroad,Onroad,2201510372
OR-HeavyDuty-OnNetwork-Gas,HDON4,Onroad,Onroad,2201510440
OR-Refueling,LDON4,Onroad,Onroad,2201510462
OR-HeavyDuty-OnNetwork-Gas,HDON4,Onroad,Onroad,2201510472
OR-HeavyDuty-OnNetwork-Gas,HDON4,Onroad,Onroad,2201510540
OR-Refueling,LDON4,Onroad,Onroad,2201510562
OR-HeavyDuty-OnNetwork-Gas,HDON4,Onroad,Onroad,2201510572
OR-Refueling,LDON4,Onroad,Onroad,2201520162
OR-HeavyDuty-OffNetwork-Gas,HDOFF12,Onroad,Onroad,2201520172
OR-HeavyDuty-OnNetwork-Gas,HDON4,Onroad,Onroad,2201520240
OR-Refueling,LDON4,Onroad,Onroad,2201520262
OR-HeavyDuty-OnNetwork-Gas,HDON4,Onroad,Onroad,2201520272
OR-HeavyDuty-OnNetwork-Gas,HDON4,Onroad,Onroad,2201520340
OR-Refueling,LDON4,Onroad,Onroad,2201520362
OR-HeavyDuty-OnNetwork-Gas,HDON4,Onroad,Onroad,2201520372
OR-HeavyDuty-OnNetwork-Gas,HDON4,Onroad,Onroad,2201520440
OR-Refueling,LDON4,Onroad,Onroad,2201520462
OR-HeavyDuty-OnNetwork-Gas,HDON4,Onroad,Onroad,2201520472
OR-HeavyDuty-OnNetwork-Gas,HDON4,Onroad,Onroad,2201520540
OR-Refueling,LDON4,Onroad,Onroad,2201520562
OR-HeavyDuty-OnNetwork-Gas,HDON4,Onroad,Onroad,2201520572
OR-Refueling,LDON4,Onroad,Onroad,2201530162
OR-HeavyDuty-OffNetwork-Gas,HDOFF12,Onroad,Onroad,2201530172
OR-HeavyDuty-OnNetwork-Gas,HDON4,Onroad,Onroad,2201530240
OR-Refueling,LDON4,Onroad,Onroad,2201530262
OR-HeavyDuty-OnNetwork-Gas,HDON4,Onroad,Onroad,2201530272
OR-HeavyDuty-OnNetwork-Gas,HDON4,Onroad,Onroad,2201530340
OR-Refueling,LDON4,Onroad,Onroad,2201530362
OR-HeavyDuty-OnNetwork-Gas,HDON4,Onroad,Onroad,2201530372
OR-HeavyDuty-OnNetwork-Gas,HDON4,Onroad,Onroad,2201530440
OR-Refueling,LDON4,Onroad,Onroad,2201530462
OR-HeavyDuty-OnNetwork-Gas,HDON4,Onroad,Onroad,2201530472
OR-HeavyDuty-OnNetwork-Gas,HDON4,Onroad,Onroad,2201530540
OR-Refueling,LDON4,Onroad,Onroad,2201530562
OR-HeavyDuty-OnNetwork-Gas,HDON4,Onroad,Onroad,2201530572
OR-Refueling,LDON4,Onroad,Onroad,2201540162
OR-HeavyDuty-OffNetwork-Gas,HDOFF12,Onroad,Onroad,2201540172
OR-HeavyDuty-OnNetwork-Gas,HDON4,Onroad,Onroad,2201540240
OR-Refueling,LDON4,Onroad,Onroad,2201540262
OR-HeavyDuty-OnNetwork-Gas,HDON4,Onroad,Onroad,2201540272
OR-HeavyDuty-OnNetwork-Gas,HDON4,Onroad,Onroad,2201540340
OR-Refueling,LDON4,Onroad,Onroad,2201540362
OR-HeavyDuty-OnNetwork-Gas,HDON4,Onroad,Onroad,2201540372
OR-HeavyDuty-OnNetwork-Gas,HDON4,Onroad,Onroad,2201540440
OR-Refueling,LDON4,Onroad,Onroad,2201540462
OR-HeavyDuty-OnNetwork-Gas,HDON4,Onroad,Onroad,2201540472
OR-HeavyDuty-OnNetwork-Gas,HDON4,Onroad,Onroad,2201540540
OR-Refueling,LDON4,Onroad,Onroad,2201540562
OR-HeavyDuty-OnNetwork-Gas,HDON4,Onroad,Onroad,2201540572
OR-Refueling,LDON4,Onroad,Onroad,2201610162
OR-HeavyDuty-OffNetwork-Gas,HDOFF12,Onroad,Onroad,2201610172
OR-HeavyDuty-OnNetwork-Gas,HDON4,Onroad,Onroad,2201610240
OR-Refueling,LDON4,Onroad,Onroad,2201610262
OR-HeavyDuty-OnNetwork-Gas,HDON4,Onroad,Onroad,2201610272
OR-HeavyDuty-OnNetwork-Gas,HDON4,Onroad,Onroad,2201610340
OR-Refueling,LDON4,Onroad,Onroad,2201610362
OR-HeavyDuty-OnNetwork-Gas,HDON4,Onroad,Onroad,2201610372
OR-HeavyDuty-OnNetwork-Gas,HDON4,Onroad,Onroad,2201610440
OR-Refueling,LDON4,Onroad,Onroad,2201610462
OR-HeavyDuty-OnNetwork-Gas,HDON4,Onroad,Onroad,2201610472
OR-HeavyDuty-OnNetwork-Gas,HDON4,Onroad,Onroad,2201610540
OR-Refueling,LDON4,Onroad,Onroad,2201610562
OR-HeavyDuty-OnNetwork-Gas,HDON4,Onroad,Onroad,2201610572
OR-Refueling,LDON4,Onroad,Onroad,2202210162
OR-LightDuty-OffNetwork-Diesel,LDOFF12,Onroad,Onroad,2202210172
OR-LightDuty-OnNetwork-Diesel,LDON4,Onroad,Onroad,2202210240
OR-Refueling,LDON4,Onroad,Onroad,2202210262
OR-LightDuty-OnNetwork-Diesel,LDON4,Onroad,Onroad,2202210272
OR-LightDuty-OnNetwork-Diesel,LDON4,Onroad,Onroad,2202210340
OR-Refueling,LDON4,Onroad,Onroad,2202210362
OR-LightDuty-OnNetwork-Diesel,LDON4,Onroad,Onroad,2202210372
OR-LightDuty-OnNetwork-Diesel,LDON4,Onroad,Onroad,2202210440
OR-Refueling,LDON4,Onroad,Onroad,2202210462
OR-LightDuty-OnNetwork-Diesel,LDON4,Onroad,Onroad,2202210472
OR-LightDuty-OnNetwork-Diesel,LDON4,Onroad,Onroad,2202210540
OR-Refueling,LDON4,Onroad,Onroad,2202210562
OR-LightDuty-OnNetwork-Diesel,LDON4,Onroad,Onroad,2202210572
OR-Refueling,LDON4,Onroad,Onroad,2202310162
OR-LightDuty-OffNetwork-Diesel,LDOFF12,Onroad,Onroad,2202310172
OR-LightDuty-OnNetwork-Diesel,LDON4,Onroad,Onroad,2202310240
OR-Refueling,LDON4,Onroad,Onroad,2202310262
OR-LightDuty-OnNetwork-Diesel,LDON4,Onroad,Onroad,2202310272
OR-LightDuty-OnNetwork-Diesel,LDON4,Onroad,Onroad,2202310340
OR-Refueling,LDON4,Onroad,Onroad,2202310362
OR-LightDuty-OnNetwork-Diesel,LDON4,Onroad,Onroad,2202310372
OR-LightDuty-OnNetwork-Diesel,LDON4,Onroad,Onroad,2202310440
OR-Refueling,LDON4,Onroad,Onroad,2202310462
OR-LightDuty-OnNetwork-Diesel,LDON4,Onroad,Onroad,2202310472
OR-LightDuty-OnNetwork-Diesel,LDON4,Onroad,Onroad,2202310540
OR-Refueling,LDON4,Onroad,Onroad,2202310562
OR-LightDuty-OnNetwork-Diesel,LDON4,Onroad,Onroad,2202310572
OR-Refueling,LDON4,Onroad,Onroad,2202320162
OR-LightDuty-OffNetwork-Diesel,LDOFF12,Onroad,Onroad,2202320172
OR-LightDuty-OnNetwork-Diesel,LDON4,Onroad,Onroad,2202320240
OR-Refueling,LDON4,Onroad,Onroad,2202320262
OR-LightDuty-OnNetwork-Diesel,LDON4,Onroad,Onroad,2202320272
OR-LightDuty-OnNetwork-Diesel,LDON4,Onroad,Onroad,2202320340
OR-Refueling,LDON4,Onroad,Onroad,2202320362
OR-LightDuty-OnNetwork-Diesel,LDON4,Onroad,Onroad,2202320372
OR-LightDuty-OnNetwork-Diesel,LDON4,Onroad,Onroad,2202320440
OR-Refueling,LDON4,Onroad,Onroad,2202320462
OR-LightDuty-OnNetwork-Diesel,LDON4,Onroad,Onroad,2202320472
OR-LightDuty-OnNetwork-Diesel,LDON4,Onroad,Onroad,2202320540
OR-Refueling,LDON4,Onroad,Onroad,2202320562
OR-LightDuty-OnNetwork-Diesel,LDON4,Onroad,Onroad,2202320572
OR-Refueling,LDON4,Onroad,Onroad,2202410162
OR-HeavyDuty-OffNetwork-Diesel,HDOFF12,Onroad,Onroad,2202410172
OR-HeavyDuty-OnNetwork-Diesel,HDON4,Onroad,Onroad,2202410240
OR-Refueling,LDON4,Onroad,Onroad,2202410262
OR-HeavyDuty-OnNetwork-Diesel,HDON4,Onroad,Onroad,2202410272
OR-HeavyDuty-OnNetwork-Diesel,HDON4,Onroad,Onroad,2202410340
OR-Refueling,LDON4,Onroad,Onroad,2202410362
OR-HeavyDuty-OnNetwork-Diesel,HDON4,Onroad,Onroad,2202410372
OR-HeavyDuty-OnNetwork-Diesel,HDON4,Onroad,Onroad,2202410440
OR-Refueling,LDON4,Onroad,Onroad,2202410462
OR-HeavyDuty-OnNetwork-Diesel,HDON4,Onroad,Onroad,2202410472
OR-HeavyDuty-OnNetwork-Diesel,HDON4,Onroad,Onroad,2202410540
OR-Refueling,LDON4,Onroad,Onroad,2202410562
OR-HeavyDuty-OnNetwork-Diesel,HDON4,Onroad,Onroad,2202410572
OR-Refueling,LDON4,Onroad,Onroad,2202420162
OR-HeavyDuty-OffNetwork-Diesel,HDOFF12,Onroad,Onroad,2202420172
OR-HeavyDuty-OnNetwork-Diesel,HDON4,Onroad,Onroad,2202420240
OR-Refueling,LDON4,Onroad,Onroad,2202420262
OR-HeavyDuty-OnNetwork-Diesel,HDON4,Onroad,Onroad,2202420272
OR-HeavyDuty-OnNetwork-Diesel,HDON4,Onroad,Onroad,2202420340
OR-Refueling,LDON4,Onroad,Onroad,2202420362
OR-HeavyDuty-OnNetwork-Diesel,HDON4,Onroad,Onroad,2202420372
OR-HeavyDuty-OnNetwork-Diesel,HDON4,Onroad,Onroad,2202420440
OR-Refueling,LDON4,Onroad,Onroad,2202420462
OR-HeavyDuty-OnNetwork-Diesel,HDON4,Onroad,Onroad,2202420472
OR-HeavyDuty-OnNetwork-Diesel,HDON4,Onroad,Onroad,2202420540
OR-Refueling,LDON4,Onroad,Onroad,2202420562
OR-HeavyDuty-OnNetwork-Diesel,HDON4,Onroad,Onroad,2202420572
OR-Refueling,LDON4,Onroad,Onroad,2202430162
OR-HeavyDuty-OffNetwork-Diesel,HDOFF12,Onroad,Onroad,2202430172
OR-HeavyDuty-OnNetwork-Diesel,HDON4,Onroad,Onroad,2202430240
OR-Refueling,LDON4,Onroad,Onroad,2202430262
OR-HeavyDuty-OnNetwork-Diesel,HDON4,Onroad,Onroad,2202430272
OR-HeavyDuty-OnNetwork-Diesel,HDON4,Onroad,Onroad,2202430340
OR-Refueling,LDON4,Onroad,Onroad,2202430362
OR-HeavyDuty-OnNetwork-Diesel,HDON4,Onroad,Onroad,2202430372
OR-HeavyDuty-OnNetwork-Diesel,HDON4,Onroad,Onroad,2202430440
OR-Refueling,LDON4,Onroad,Onroad,2202430462
OR-HeavyDuty-OnNetwork-Diesel,HDON4,Onroad,Onroad,2202430472
OR-HeavyDuty-OnNetwork-Diesel,HDON4,Onroad,Onroad,2202430540
OR-Refueling,LDON4,Onroad,Onroad,2202430562
OR-HeavyDuty-OnNetwork-Diesel,HDON4,Onroad,Onroad,2202430572
OR-Refueling,LDON4,Onroad,Onroad,2202510162
OR-HeavyDuty-OffNetwork-Diesel,HDOFF12,Onroad,Onroad,2202510172
OR-HeavyDuty-OnNetwork-Diesel,HDON4,Onroad,Onroad,2202510240
OR-Refueling,LDON4,Onroad,Onroad,2202510262
OR-HeavyDuty-OnNetwork-Diesel,HDON4,Onroad,Onroad,2202510272
OR-HeavyDuty-OnNetwork-Diesel,HDON4,Onroad,Onroad,2202510340
OR-Refueling,LDON4,Onroad,Onroad,2202510362
OR-HeavyDuty-OnNetwork-Diesel,HDON4,Onroad,Onroad,2202510372
OR-HeavyDuty-OnNetwork-Diesel,HDON4,Onroad,Onroad,2202510440
OR-Refueling,LDON4,Onroad,Onroad,2202510462
OR-HeavyDuty-OnNetwork-Diesel,HDON4,Onroad,Onroad,2202510472
OR-HeavyDuty-OnNetwork-Diesel,HDON4,Onroad,Onroad,2202510540
OR-Refueling,LDON4,Onroad,Onroad,2202510562
OR-HeavyDuty-OnNetwork-Diesel,HDON4,Onroad,Onroad,2202510572
OR-Refueling,LDON4,Onroad,Onroad,2202520162
OR-HeavyDuty-OffNetwork-Diesel,HDOFF12,Onroad,Onroad,2202520172
OR-HeavyDuty-OnNetwork-Diesel,HDON4,Onroad,Onroad,2202520240
OR-Refueling,LDON4,Onroad,Onroad,2202520262
OR-HeavyDuty-OnNetwork-Diesel,HDON4,Onroad,Onroad,2202520272
OR-HeavyDuty-OnNetwork-Diesel,HDON4,Onroad,Onroad,2202520340
OR-Refueling,LDON4,Onroad,Onroad,2202520362
OR-HeavyDuty-OnNetwork-Diesel,HDON4,Onroad,Onroad,2202520372
OR-HeavyDuty-OnNetwork-Diesel,HDON4,Onroad,Onroad,2202520440
OR-Refueling,LDON4,Onroad,Onroad,2202520462
OR-HeavyDuty-OnNetwork-Diesel,HDON4,Onroad,Onroad,2202520472
OR-HeavyDuty-OnNetwork-Diesel,HDON4,Onroad,Onroad,2202520540
OR-Refueling,LDON4,Onroad,Onroad,2202520562
OR-HeavyDuty-OnNetwork-Diesel,HDON4,Onroad,Onroad,2202520572
OR-Refueling,LDON4,Onroad,Onroad,2202530162
OR-HeavyDuty-OffNetwork-Diesel,HDOFF12,Onroad,Onroad,2202530172
OR-HeavyDuty-OnNetwork-Diesel,HDON4,Onroad,Onroad,2202530240
OR-Refueling,LDON4,Onroad,Onroad,2202530262
OR-HeavyDuty-OnNetwork-Diesel,HDON4,Onroad,Onroad,2202530272
OR-HeavyDuty-OnNetwork-Diesel,HDON4,Onroad,Onroad,2202530340
OR-Refueling,LDON4,Onroad,Onroad,2202530362
OR-HeavyDuty-OnNetwork-Diesel,HDON4,Onroad,Onroad,2202530372
OR-HeavyDuty-OnNetwork-Diesel,HDON4,Onroad,Onroad,2202530440
OR-Refueling,LDON4,Onroad,Onroad,2202530462
OR-HeavyDuty-OnNetwork-Diesel,HDON4,Onroad,Onroad,2202530472
OR-HeavyDuty-OnNetwork-Diesel,HDON4,Onroad,Onroad,2202530540
OR-Refueling,LDON4,Onroad,Onroad,2202530562
OR-HeavyDuty-OnNetwork-Diesel,HDON4,Onroad,Onroad,2202530572
OR-Refueling,LDON4,Onroad,Onroad,2202540162
OR-HeavyDuty-OffNetwork-Diesel,HDOFF12,Onroad,Onroad,2202540172
OR-HeavyDuty-OnNetwork-Diesel,HDON4,Onroad,Onroad,2202540240
OR-Refueling,LDON4,Onroad,Onroad,2202540262
OR-HeavyDuty-OnNetwork-Diesel,HDON4,Onroad,Onroad,2202540272
OR-HeavyDuty-OnNetwork-Diesel,HDON4,Onroad,Onroad,2202540340
OR-Refueling,LDON4,Onroad,Onroad,2202540362
OR-HeavyDuty-OnNetwork-Diesel,HDON4,Onroad,Onroad,2202540372
OR-HeavyDuty-OnNetwork-Diesel,HDON4,Onroad,Onroad,2202540440
OR-Refueling,LDON4,Onroad,Onroad,2202540462
OR-HeavyDuty-OnNetwork-Diesel,HDON4,Onroad,Onroad,2202540472
OR-HeavyDuty-OnNetwork-Diesel,HDON4,Onroad,Onroad,2202540540
OR-Refueling,LDON4,Onroad,Onroad,2202540562
OR-HeavyDuty-OnNetwork-Diesel,HDON4,Onroad,Onroad,2202540572
OR-Refueling,LDON4,Onroad,Onroad,2202610162
OR-HeavyDuty-OffNetwork-Diesel,HDOFF12,Onroad,Onroad,2202610172
OR-HeavyDuty-OnNetwork-Diesel,HDON4,Onroad,Onroad,2202610240
OR-Refueling,LDON4,Onroad,Onroad,2202610262
OR-HeavyDuty-OnNetwork-Diesel,HDON4,Onroad,Onroad,2202610272
OR-HeavyDuty-OnNetwork-Diesel,HDON4,Onroad,Onroad,2202610340
OR-Refueling,LDON4,Onroad,Onroad,2202610362
OR-HeavyDuty-OnNetwork-Diesel,HDON4,Onroad,Onroad,2202610372
OR-HeavyDuty-OnNetwork-Diesel,HDON4,Onroad,Onroad,2202610440
OR-Refueling,LDON4,Onroad,Onroad,2202610462
OR-HeavyDuty-OnNetwork-Diesel,HDON4,Onroad,Onroad,2202610472
OR-HeavyDuty-OnNetwork-Diesel,HDON4,Onroad,Onroad,2202610540
OR-Refueling,LDON4,Onroad,Onroad,2202610562
OR-HeavyDuty-OnNetwork-Diesel,HDON4,Onroad,Onroad,2202610572
OR-HeavyDuty-Hoteling,HDOFF4,Onroad,Onroad,2202620153
OR-Refueling,LDON4,Onroad,Onroad,2202620162
OR-HeavyDuty-OffNetwork-Diesel,HDOFF12,Onroad,Onroad,2202620172
OR-HeavyDuty-Hoteling,HDOFF4,Onroad,Onroad,2202620191
OR-HeavyDuty-OnNetwork-Diesel,HDON4,Onroad,Onroad,2202620240
OR-Refueling,LDON4,Onroad,Onroad,2202620262
OR-HeavyDuty-OnNetwork-Diesel,HDON4,Onroad,Onroad,2202620272
OR-HeavyDuty-OnNetwork-Diesel,HDON4,Onroad,Onroad,2202620340
OR-Refueling,LDON4,Onroad,Onroad,2202620362
OR-HeavyDuty-OnNetwork-Diesel,HDON4,Onroad,Onroad,2202620372
OR-HeavyDuty-OnNetwork-Diesel,HDON4,Onroad,Onroad,2202620440
OR-Refueling,LDON4,Onroad,Onroad,2202620462
OR-HeavyDuty-OnNetwork-Diesel,HDON4,Onroad,Onroad,2202620472
OR-HeavyDuty-OnNetwork-Diesel,HDON4,Onroad,Onroad,2202620540
OR-Refueling,LDON4,Onroad,Onroad,2202620562
OR-HeavyDuty-OnNetwork-Diesel,HDON4,Onroad,Onroad,2202620572
OR-HeavyDuty-OffNetwork-Gas,HDOFF12,Onroad,Onroad,2203420172
OR-HeavyDuty-OnNetwork-Gas,HDON4,Onroad,Onroad,2203420240
OR-HeavyDuty-OnNetwork-Gas,HDON4,Onroad,Onroad,2203420272
OR-HeavyDuty-OnNetwork-Gas,HDON4,Onroad,Onroad,2203420340
OR-HeavyDuty-OnNetwork-Gas,HDON4,Onroad,Onroad,2203420372
OR-HeavyDuty-OnNetwork-Gas,HDON4,Onroad,Onroad,2203420440
OR-HeavyDuty-OnNetwork-Gas,HDON4,Onroad,Onroad,2203420472
OR-HeavyDuty-OnNetwork-Gas,HDON4,Onroad,Onroad,2203420540
OR-HeavyDuty-OnNetwork-Gas,HDON4,Onroad,Onroad,2203420572
OR-Refueling,LDON4,Onroad,Onroad,2205210162
OR-LightDuty-OffNetwork-Gas,LDOFF12,Onroad,Onroad,2205210172
OR-LightDuty-OnNetwork-Gas,LDON4,Onroad,Onroad,2205210240
OR-Refueling,LDON4,Onroad,Onroad,2205210262
OR-LightDuty-OnNetwork-Gas,LDON4,Onroad,Onroad,2205210272
OR-LightDuty-OnNetwork-Gas,LDON4,Onroad,Onroad,2205210340
OR-Refueling,LDON4,Onroad,Onroad,2205210362
OR-LightDuty-OnNetwork-Gas,LDON4,Onroad,Onroad,2205210372
OR-LightDuty-OnNetwork-Gas,LDON4,Onroad,Onroad,2205210440
OR-Refueling,LDON4,Onroad,Onroad,2205210462
OR-LightDuty-OnNetwork-Gas,LDON4,Onroad,Onroad,2205210472
OR-LightDuty-OnNetwork-Gas,LDON4,Onroad,Onroad,2205210540
OR-Refueling,LDON4,Onroad,Onroad,2205210562
OR-LightDuty-OnNetwork-Gas,LDON4,Onroad,Onroad,2205210572
OR-Refueling,LDON4,Onroad,Onroad,2205310162
OR-LightDuty-OffNetwork-Gas,LDOFF12,Onroad,Onroad,2205310172
OR-LightDuty-OnNetwork-Gas,LDON4,Onroad,Onroad,2205310240
OR-Refueling,LDON4,Onroad,Onroad,2205310262
OR-LightDuty-OnNetwork-Gas,LDON4,Onroad,Onroad,2205310272
OR-LightDuty-OnNetwork-Gas,LDON4,Onroad,Onroad,2205310340
OR-Refueling,LDON4,Onroad,Onroad,2205310362
OR-LightDuty-OnNetwork-Gas,LDON4,Onroad,Onroad,2205310372
OR-LightDuty-OnNetwork-Gas,LDON4,Onroad,Onroad,2205310440
OR-Refueling,LDON4,Onroad,Onroad,2205310462
OR-LightDuty-OnNetwork-Gas,LDON4,Onroad,Onroad,2205310472
OR-LightDuty-OnNetwork-Gas,LDON4,Onroad,Onroad,2205310540
OR-Refueling,LDON4,Onroad,Onroad,2205310562
OR-LightDuty-OnNetwork-Gas,LDON4,Onroad,Onroad,2205310572
OR-Refueling,LDON4,Onroad,Onroad,2205320162
OR-LightDuty-OffNetwork-Gas,LDOFF12,Onroad,Onroad,2205320172
OR-LightDuty-OnNetwork-Gas,LDON4,Onroad,Onroad,2205320240
OR-Refueling,LDON4,Onroad,Onroad,2205320262
OR-LightDuty-OnNetwork-Gas,LDON4,Onroad,Onroad,2205320272
OR-LightDuty-OnNetwork-Gas,LDON4,Onroad,Onroad,2205320340
OR-Refueling,LDON4,Onroad,Onroad,2205320362
OR-LightDuty-OnNetwork-Gas,LDON4,Onroad,Onroad,2205320372
OR-LightDuty-OnNetwork-Gas,LDON4,Onroad,Onroad,2205320440
OR-Refueling,LDON4,Onroad,Onroad,2205320462
OR-LightDuty-OnNetwork-Gas,LDON4,Onroad,Onroad,2205320472
OR-LightDuty-OnNetwork-Gas,LDON4,Onroad,Onroad,2205320540
OR-Refueling,LDON4,Onroad,Onroad,2205320562
OR-LightDuty-OnNetwork-Gas,LDON4,Onroad,Onroad,2205320572
NR-Recreational-inc-PleasureCraft,NONRD,Nonroad,Nonroad,2260001010
NR-Recreational-inc-PleasureCraft,NONRD,Nonroad,Nonroad,2260001020
NR-Recreational-inc-PleasureCraft,NONRD,Nonroad,Nonroad,2260001030
NR-Recreational-inc-PleasureCraft,NONRD,Nonroad,Nonroad,2260001060
NR-Construction,NONRD,Nonroad,Nonroad,2260002006
NR-Construction,NONRD,Nonroad,Nonroad,2260002009
NR-Construction,NONRD,Nonroad,Nonroad,2260002021
NR-Construction,NONRD,Nonroad,Nonroad,2260002027
NR-Construction,NONRD,Nonroad,Nonroad,2260002039
NR-Construction,NONRD,Nonroad,Nonroad,2260002054
NR-AllOther,NONRD,Nonroad,Nonroad,2260003030
NR-AllOther,NONRD,Nonroad,Nonroad,2260003040
NR-ResidentialLawnGarden,NONRD,Nonroad,Nonroad,2260004015
NR-CommercialLawnGarden,NONRD,Nonroad,Nonroad,2260004016
NR-ResidentialLawnGarden,NONRD,Nonroad,Nonroad,2260004020
NR-CommercialLawnGarden,NONRD,Nonroad,Nonroad,2260004021
NR-ResidentialLawnGarden,NONRD,Nonroad,Nonroad,2260004025
NR-CommercialLawnGarden,NONRD,Nonroad,Nonroad,2260004026
NR-ResidentialLawnGarden,NONRD,Nonroad,Nonroad,2260004030
NR-CommercialLawnGarden,NONRD,Nonroad,Nonroad,2260004031
NR-ResidentialLawnGarden,NONRD,Nonroad,Nonroad,2260004035
NR-CommercialLawnGarden,NONRD,Nonroad,Nonroad,2260004036
NR-CommercialLawnGarden,NONRD,Nonroad,Nonroad,2260004071
NR-Agriculture,NONRD,Nonroad,Nonroad,2260005035
NR-CommercialEquipment,NONRD,Nonroad,Nonroad,2260006005
NR-CommercialEquipment,NONRD,Nonroad,Nonroad,2260006010
NR-CommercialEquipment,NONRD,Nonroad,Nonroad,2260006015
NR-CommercialEquipment,NONRD,Nonroad,Nonroad,2260006035
NR-AllOther,NONRD,Nonroad,Nonroad,2260007005
NR-Recreational-inc-PleasureCraft,NONRD,Nonroad,Nonroad,2265001010
NR-Recreational-inc-PleasureCraft,NONRD,Nonroad,Nonroad,2265001030
NR-Recreational-inc-PleasureCraft,NONRD,Nonroad,Nonroad,2265001050
NR-Recreational-inc-PleasureCraft,NONRD,Nonroad,Nonroad,2265001060
NR-Construction,NONRD,Nonroad,Nonroad,2265002003
NR-Construction,NONRD,Nonroad,Nonroad,2265002006
NR-Construction,NONRD,Nonroad,Nonroad,2265002009
NR-Construction,NONRD,Nonroad,Nonroad,2265002015
NR-Construction,NONRD,Nonroad,Nonroad,2265002021
NR-Construction,NONRD,Nonroad,Nonroad,2265002024
NR-Construction,NONRD,Nonroad,Nonroad,2265002027
NR-Construction,NONRD,Nonroad,Nonroad,2265002030
NR-Construction,NONRD,Nonroad,Nonroad,2265002033
NR-Construction,NONRD,Nonroad,Nonroad,2265002039
NR-Construction,NONRD,Nonroad,Nonroad,2265002042
NR-Construction,NONRD,Nonroad,Nonroad,2265002045
NR-Construction,NONRD,Nonroad,Nonroad,2265002054
NR-Construction,NONRD,Nonroad,Nonroad,2265002057
NR-Construction,NONRD,Nonroad,Nonroad,2265002060
NR-Construction,NONRD,Nonroad,Nonroad,2265002066
NR-Construction,NONRD,Nonroad,Nonroad,2265002072
NR-Construction,NONRD,Nonroad,Nonroad,2265002078
NR-Construction,NONRD,Nonroad,Nonroad,2265002081
NR-AllOther,NONRD,Nonroad,Nonroad,2265003010
NR-AllOther,NONRD,Nonroad,Nonroad,2265003020
NR-AllOther,NONRD,Nonroad,Nonroad,2265003030
NR-AllOther,NONRD,Nonroad,Nonroad,2265003040
NR-AllOther,NONRD,Nonroad,Nonroad,2265003050
NR-AllOther,NONRD,Nonroad,Nonroad,2265003060
NR-AllOther,NONRD,Nonroad,Nonroad,2265003070
NR-ResidentialLawnGarden,NONRD,Nonroad,Nonroad,2265004010
NR-CommercialLawnGarden,NONRD,Nonroad,Nonroad,2265004011
NR-ResidentialLawnGarden,NONRD,Nonroad,Nonroad,2265004015
NR-CommercialLawnGarden,NONRD,Nonroad,Nonroad,2265004016
NR-ResidentialLawnGarden,NONRD,Nonroad,Nonroad,2265004025
NR-CommercialLawnGarden,NONRD,Nonroad,Nonroad,2265004026
NR-ResidentialLawnGarden,NONRD,Nonroad,Nonroad,2265004030
NR-CommercialLawnGarden,NONRD,Nonroad,Nonroad,2265004031
NR-ResidentialLawnGarden,NONRD,Nonroad,Nonroad,2265004035
NR-CommercialLawnGarden,NONRD,Nonroad,Nonroad,2265004036
NR-ResidentialLawnGarden,NONRD,Nonroad,Nonroad,2265004040
NR-CommercialLawnGarden,NONRD,Nonroad,Nonroad,2265004041
NR-CommercialLawnGarden,NONRD,Nonroad,Nonroad,2265004046
NR-ResidentialLawnGarden,NONRD,Nonroad,Nonroad,2265004050
NR-CommercialLawnGarden,NONRD,Nonroad,Nonroad,2265004051
NR-ResidentialLawnGarden,NONRD,Nonroad,Nonroad,2265004055
NR-CommercialLawnGarden,NONRD,Nonroad,Nonroad,2265004056
NR-CommercialLawnGarden,NONRD,Nonroad,Nonroad,2265004066
NR-CommercialLawnGarden,NONRD,Nonroad,Nonroad,2265004071
NR-ResidentialLawnGarden,NONRD,Nonroad,Nonroad,2265004075
NR-CommercialLawnGarden,NONRD,Nonroad,Nonroad,2265004076
NR-Agriculture,NONRD,Nonroad,Nonroad,2265005010
NR-Agriculture,NONRD,Nonroad,Nonroad,2265005015
NR-Agriculture,NONRD,Nonroad,Nonroad,2265005020
NR-Agriculture,NONRD,Nonroad,Nonroad,2265005025
NR-Agriculture,NONRD,Nonroad,Nonroad,2265005030
NR-Agriculture,NONRD,Nonroad,Nonroad,2265005035
NR-Agriculture,NONRD,Nonroad,Nonroad,2265005040
NR-Agriculture,NONRD,Nonroad,Nonroad,2265005045
NR-Agriculture,NONRD,Nonroad,Nonroad,2265005055
NR-Agriculture,NONRD,Nonroad,Nonroad,2265005060
NR-CommercialEquipment,NONRD,Nonroad,Nonroad,2265006005
NR-CommercialEquipment,NONRD,Nonroad,Nonroad,2265006010
NR-CommercialEquipment,NONRD,Nonroad,Nonroad,2265006015
NR-CommercialEquipment,NONRD,Nonroad,Nonroad,2265006025
NR-CommercialEquipment,NONRD,Nonroad,Nonroad,2265006030
NR-CommercialEquipment,NONRD,Nonroad,Nonroad,2265006035
NR-AllOther,NONRD,Nonroad,Nonroad,2265007010
NR-AllOther,NONRD,Nonroad,Nonroad,2265007015
NR-AllOther,NONRD,Nonroad,Nonroad,2265010010
NR-Recreational-inc-PleasureCraft,NONRD,Nonroad,Nonroad,2267001060
NR-Construction,NONRD,Nonroad,Nonroad,2267002003
NR-Construction,NONRD,Nonroad,Nonroad,2267002015
NR-Construction,NONRD,Nonroad,Nonroad,2267002021
NR-Construction,NONRD,Nonroad,Nonroad,2267002024
NR-Construction,NONRD,Nonroad,Nonroad,2267002030
NR-Construction,NONRD,Nonroad,Nonroad,2267002033
NR-Construction,NONRD,Nonroad,Nonroad,2267002039
NR-Construction,NONRD,Nonroad,Nonroad,2267002045
NR-Construction,NONRD,Nonroad,Nonroad,2267002054
NR-Construction,NONRD,Nonroad,Nonroad,2267002057
NR-Construction,NONRD,Nonroad,Nonroad,2267002060
NR-Construction,NONRD,Nonroad,Nonroad,2267002066
NR-Construction,NONRD,Nonroad,Nonroad,2267002072
NR-Construction,NONRD,Nonroad,Nonroad,2267002081
NR-AllOther,NONRD,Nonroad,Nonroad,2267003010
NR-AllOther,NONRD,Nonroad,Nonroad,2267003020
NR-AllOther,NONRD,Nonroad,Nonroad,2267003030
NR-AllOther,NONRD,Nonroad,Nonroad,2267003040
NR-AllOther,NONRD,Nonroad,Nonroad,2267003050
NR-AllOther,NONRD,Nonroad,Nonroad,2267003070
NR-CommercialLawnGarden,NONRD,Nonroad,Nonroad,2267004066
NR-Agriculture,NONRD,Nonroad,Nonroad,2267005055
NR-Agriculture,NONRD,Nonroad,Nonroad,2267005060
NR-CommercialEquipment,NONRD,Nonroad,Nonroad,2267006005
NR-CommercialEquipment,NONRD,Nonroad,Nonroad,2267006010
NR-CommercialEquipment,NONRD,Nonroad,Nonroad,2267006015
NR-CommercialEquipment,NONRD,Nonroad,Nonroad,2267006025
NR-CommercialEquipment,NONRD,Nonroad,Nonroad,2267006030
NR-CommercialEquipment,NONRD,Nonroad,Nonroad,2267006035
NR-Construction,NONRD,Nonroad,Nonroad,2268002081
NR-AllOther,NONRD,Nonroad,Nonroad,2268003020
NR-AllOther,NONRD,Nonroad,Nonroad,2268003030
NR-AllOther,NONRD,Nonroad,Nonroad,2268003040
NR-AllOther,NONRD,Nonroad,Nonroad,2268003060
NR-AllOther,NONRD,Nonroad,Nonroad,2268003070
NR-Agriculture,NONRD,Nonroad,Nonroad,2268005055
NR-Agriculture,NONRD,Nonroad,Nonroad,2268005060
NR-CommercialEquipment,NONRD,Nonroad,Nonroad,2268006005
NR-CommercialEquipment,NONRD,Nonroad,Nonroad,2268006010
NR-CommercialEquipment,NONRD,Nonroad,Nonroad,2268006015
NR-CommercialEquipment,NONRD,Nonroad,Nonroad,2268006020
NR-CommercialEquipment,NONRD,Nonroad,Nonroad,2268006035
NR-AllOther,NONRD,Nonroad,Nonroad,2268010010
NR-Recreational-inc-PleasureCraft,NONRD,Nonroad,Nonroad,2270001060
NR-Construction,NONRD,Nonroad,Nonroad,2270002003
NR-Construction,NONRD,Nonroad,Nonroad,2270002006
NR-Construction,NONRD,Nonroad,Nonroad,2270002009
NR-Construction,NONRD,Nonroad,Nonroad,2270002015
NR-Construction,NONRD,Nonroad,Nonroad,2270002018
NR-Construction,NONRD,Nonroad,Nonroad,2270002021
NR-Construction,NONRD,Nonroad,Nonroad,2270002024
NR-Construction,NONRD,Nonroad,Nonroad,2270002027
NR-Construction,NONRD,Nonroad,Nonroad,2270002030
NR-Construction,NONRD,Nonroad,Nonroad,2270002033
NR-Construction,NONRD,Nonroad,Nonroad,2270002036
NR-Construction,NONRD,Nonroad,Nonroad,2270002039
NR-Construction,NONRD,Nonroad,Nonroad,2270002042
NR-Construction,NONRD,Nonroad,Nonroad,2270002045
NR-Construction,NONRD,Nonroad,Nonroad,2270002048
NR-Construction,NONRD,Nonroad,Nonroad,2270002051
NR-Construction,NONRD,Nonroad,Nonroad,2270002054
NR-Construction,NONRD,Nonroad,Nonroad,2270002057
NR-Construction,NONRD,Nonroad,Nonroad,2270002060
NR-Construction,NONRD,Nonroad,Nonroad,2270002066
NR-Construction,NONRD,Nonroad,Nonroad,2270002069
NR-Construction,NONRD,Nonroad,Nonroad,2270002072
NR-Construction,NONRD,Nonroad,Nonroad,2270002075
NR-Construction,NONRD,Nonroad,Nonroad,2270002078
NR-Construction,NONRD,Nonroad,Nonroad,2270002081
NR-AllOther,NONRD,Nonroad,Nonroad,2270003010
NR-AllOther,NONRD,Nonroad,Nonroad,2270003020
NR-AllOther,NONRD,Nonroad,Nonroad,2270003030
NR-AllOther,NONRD,Nonroad,Nonroad,2270003040
NR-AllOther,NONRD,Nonroad,Nonroad,2270003050
NR-AllOther,NONRD,Nonroad,Nonroad,2270003060
NR-AllOther,NONRD,Nonroad,Nonroad,2270003070
NR-CommercialLawnGarden,NONRD,Nonroad,Nonroad,2270004031
NR-CommercialLawnGarden,NONRD,Nonroad,Nonroad,2270004036
NR-CommercialLawnGarden,NONRD,Nonroad,Nonroad,2270004046
NR-CommercialLawnGarden,NONRD,Nonroad,Nonroad,2270004056
NR-CommercialLawnGarden,NONRD,Nonroad,Nonroad,2270004066
NR-CommercialLawnGarden,NONRD,Nonroad,Nonroad,2270004071
NR-CommercialLawnGarden,NONRD,Nonroad,Nonroad,2270004076
NR-Agriculture,NONRD,Nonroad,Nonroad,2270005010
NR-Agriculture,NONRD,Nonroad,Nonroad,2270005015
NR-Agriculture,NONRD,Nonroad,Nonroad,2270005020
NR-Agriculture,NONRD,Nonroad,Nonroad,2270005025
NR-Agriculture,NONRD,Nonroad,Nonroad,2270005030
NR-Agriculture,NONRD,Nonroad,Nonroad,2270005035
NR-Agriculture,NONRD,Nonroad,Nonroad,2270005040
NR-Agriculture,NONRD,Nonroad,Nonroad,2270005045
NR-Agriculture,NONRD,Nonroad,Nonroad,2270005055
NR-Agriculture,NONRD,Nonroad,Nonroad,2270005060
NR-CommercialEquipment,NONRD,Nonroad,Nonroad,2270006005
NR-CommercialEquipment,NONRD,Nonroad,Nonroad,2270006010
NR-CommercialEquipment,NONRD,Nonroad,Nonroad,2270006015
NR-CommercialEquipment,NONRD,Nonroad,Nonroad,2270006020
NR-CommercialEquipment,NONRD,Nonroad,Nonroad,2270006025
NR-CommercialEquipment,NONRD,Nonroad,Nonroad,2270006030
NR-CommercialEquipment,NONRD,Nonroad,Nonroad,2270006035
NR-AllOther,NONRD,Nonroad,Nonroad,2270007010
NR-AllOther,NONRD,Nonroad,Nonroad,2270007015
NR-AllOther,NONRD,Nonroad,Nonroad,2270009010
NR-AllOther,NONRD,Nonroad,Nonroad,2270010010
NR-Recreational-inc-PleasureCraft,NONRD,Nonroad,Nonroad,2282005010
NR-Recreational-inc-PleasureCraft,NONRD,Nonroad,Nonroad,2282005015
NR-Recreational-inc-PleasureCraft,NONRD,Nonroad,Nonroad,2282010005
NR-Recreational-inc-PleasureCraft,NONRD,Nonroad,Nonroad,2282020005
NR-Recreational-inc-PleasureCraft,NONRD,Nonroad,Nonroad,2282020010
NR-AllOther,NONRD,Nonroad,Nonroad,2285002015
NR-AllOther,NONRD,Nonroad,Nonroad,2285004015
NR-AllOther,NONRD,Nonroad,Nonroad,2285006015
NP-FuelCombustion_not_RWC,NPHI,Nonpoint,Nonpoint,2102001000
NP-FuelCombustion_not_RWC,NPHI,Nonpoint,Nonpoint,2102002000
NP-FuelCombustion_not_RWC,NPHI,Nonpoint,Nonpoint,2102004000
NP-FuelCombustion_not_RWC,NPHI,Nonpoint,Nonpoint,2102004001
NP-FuelCombustion_not_RWC,NPHI,Nonpoint,Nonpoint,2102004002
NP-FuelCombustion_not_RWC,NPHI,Nonpoint,Nonpoint,2102005000
NP-FuelCombustion_not_RWC,NPHI,Nonpoint,Nonpoint,2102006000
NP-FuelCombustion_not_RWC,NPHI,Nonpoint,Nonpoint,2102007000
NP-FuelCombustion_not_RWC,NPHI,Nonpoint,Nonpoint,2102008000
NP-FuelCombustion_not_RWC,NPHI,Nonpoint,Nonpoint,2102011000
NP-FuelCombustion_not_RWC,NPHI,Nonpoint,Nonpoint,2102012000
NP-FuelCombustion_not_RWC,NPHI,Nonpoint,Nonpoint,2103001000
NP-FuelCombustion_not_RWC,NPHI,Nonpoint,Nonpoint,2103002000
NP-FuelCombustion_not_RWC,NPHI,Nonpoint,Nonpoint,2103004000
NP-FuelCombustion_not_RWC,NPHI,Nonpoint,Nonpoint,2103004001
NP-FuelCombustion_not_RWC,NPHI,Nonpoint,Nonpoint,2103004002
NP-FuelCombustion_not_RWC,NPHI,Nonpoint,Nonpoint,2103005000
NP-FuelCombustion_not_RWC,NPHI,Nonpoint,Nonpoint,2103006000
NP-FuelCombustion_not_RWC,NPHI,Nonpoint,Nonpoint,2103007000
NP-FuelCombustion_not_RWC,NPHI,Nonpoint,Nonpoint,2103008000
NP-FuelCombustion_not_RWC,NPHI,Nonpoint,Nonpoint,2103011000
NP-FuelCombustion_not_RWC,NPHI,Nonpoint,Nonpoint,2104001000
NP-FuelCombustion_not_RWC,NPHI,Nonpoint,Nonpoint,2104002000
NP-FuelCombustion_not_RWC,NPHI,Nonpoint,Nonpoint,2104004000
NP-FuelCombustion_not_RWC,NPHI,Nonpoint,Nonpoint,2104006000
NP-FuelCombustion_not_RWC,NPHI,Nonpoint,Nonpoint,2104007000
NP-ResidentialWoodCombustionRWC,RWC,Nonpoint,Nonpoint,2104008100
NP-ResidentialWoodCombustionRWC,RWC,Nonpoint,Nonpoint,2104008210
NP-ResidentialWoodCombustionRWC,RWC,Nonpoint,Nonpoint,2104008220
NP-ResidentialWoodCombustionRWC,RWC,Nonpoint,Nonpoint,2104008230
NP-ResidentialWoodCombustionRWC,RWC,Nonpoint,Nonpoint,2104008310
NP-ResidentialWoodCombustionRWC,RWC,Nonpoint,Nonpoint,2104008320
NP-ResidentialWoodCombustionRWC,RWC,Nonpoint,Nonpoint,2104008330
NP-ResidentialWoodCombustionRWC,RWC,Nonpoint,Nonpoint,2104008400
NP-ResidentialWoodCombustionRWC,RWC,Nonpoint,Nonpoint,2104008510
NP-ResidentialWoodCombustionRWC,RWC,Nonpoint,Nonpoint,2104008610
NP-ResidentialWoodCombustionRWC,RWC,Nonpoint,Nonpoint,2104008700
NP-ResidentialWoodCombustionRWC,RWC,Nonpoint,Nonpoint,2104009000
NP-FuelCombustion_not_RWC,NPHI,Nonpoint,Nonpoint,2104011000
NP-MiscellaneousNonindustrial,NPLO,Nonpoint,Nonpoint,2275085000
NP-MiscellaneousNonindustrial,NPLO,Nonpoint,Nonpoint,2275087000
NR-CMV_ports,NR-CMV,Nonroad,Nonpoint,2280002100
NR-CMV_underway,NR-CMV,Nonroad,Nonpoint,2280002200
NR-CMV_ports,NR-CMV,Nonroad,Nonpoint,2280003100
NR-CMV_underway,NR-CMV,Nonroad,Nonpoint,2280003200
Underway,CMVU,Nonroad,Nonpoint,2280002201
Underway,CMVU,Nonroad,Nonpoint,2280002202
Underway,CMVU,Nonroad,Nonpoint,2280002203
Underway,CMVU,Nonroad,Nonpoint,2280002204
Underway,CMVU,Nonroad,Nonpoint,2280003203
Underway,CMVU,Nonroad,Nonpoint,2280003204
c1c2port,CMVP,Nonroad,Nonpoint,2280002101
c1c2port,CMVP,Nonroad,Nonpoint,2280002102
c3port,CMVP,Nonroad,Nonpoint,2280002103
c3port,CMVP,Nonroad,Nonpoint,2280002104
c3port,CMVP,Nonroad,Nonpoint,2280003103
c3port,CMVP,Nonroad,Nonpoint,2280003104
NR-Locomotives,NPLO,Nonroad,Nonpoint,2285002006
NR-Locomotives,NPLO,Nonroad,Nonpoint,2285002007
NR-Locomotives,NPLO,Nonroad,Nonpoint,2285002008
NR-Locomotives,NPLO,Nonroad,Nonpoint,2285002009
NR-Locomotives,NPLO,Nonroad,Nonpoint,2285002010
NP-Industrial,NPHI,Nonpoint,Nonpoint,2294000000
NP-Industrial,NPHI,Nonpoint,Nonpoint,2294000002
NP-Industrial,NPHI,Nonpoint,Nonpoint,2296000000
NP-Industrial,NPHI,Nonpoint,Nonpoint,2301000000
NP-Industrial,NPHI,Nonpoint,Nonpoint,2301020000
NP-Industrial,NPHI,Nonpoint,Nonpoint,2301030000
NP-Industrial,NPHI,Nonpoint,Nonpoint,2301040000
NP-Industrial,NPHI,Nonpoint,Nonpoint,2302000000
NP-CommercialCooking,NPLO,Nonpoint,Nonpoint,2302002100
NP-CommercialCooking,NPLO,Nonpoint,Nonpoint,2302002200
NP-CommercialCooking,NPLO,Nonpoint,Nonpoint,2302003000
NP-CommercialCooking,NPLO,Nonpoint,Nonpoint,2302003100
NP-CommercialCooking,NPLO,Nonpoint,Nonpoint,2302003200
NP-Industrial,NPHI,Nonpoint,Nonpoint,2302010000
NP-Industrial,NPHI,Nonpoint,Nonpoint,2302050000
NP-Industrial,NPHI,Nonpoint,Nonpoint,2302070000
NP-Industrial,NPHI,Nonpoint,Nonpoint,2302070001
NP-Industrial,NPHI,Nonpoint,Nonpoint,2302070005
NP-Industrial,NPHI,Nonpoint,Nonpoint,2302070010
NP-Industrial,NPHI,Nonpoint,Nonpoint,2302080000
NP-Industrial,NPHI,Nonpoint,Nonpoint,2302080002
NP-Industrial,NPHI,Nonpoint,Nonpoint,2304000000
NP-Industrial,NPHI,Nonpoint,Nonpoint,2305000000
NP-Industrial,NPHI,Nonpoint,Nonpoint,2305070000
NP-Industrial,NPHI,Nonpoint,Nonpoint,2305080000
NP-Industrial,NPHI,Nonpoint,Nonpoint,2306000000
NP-Industrial,NPHI,Nonpoint,Nonpoint,2306010000
NP-Industrial,NPHI,Nonpoint,Nonpoint,2307000000
NP-Industrial,NPHI,Nonpoint,Nonpoint,2308000000
NP-Industrial,NPHI,Nonpoint,Nonpoint,2309000000
NP-Industrial,NPHI,Nonpoint,Nonpoint,2309100200
NP-OilGas,OILGAS,Nonpoint,Nonpoint,2310000000
NP-OilGas,OILGAS,Nonpoint,Nonpoint,2310000220
NP-OilGas,OILGAS,Nonpoint,Nonpoint,2310000230
NP-OilGas,OILGAS,Nonpoint,Nonpoint,2310000330
NP-OilGas,OILGAS,Nonpoint,Nonpoint,2310000550
NP-OilGas,OILGAS,Nonpoint,Nonpoint,2310000660
NP-OilGas,OILGAS,Nonpoint,Nonpoint,2310001000
NP-OilGas,OILGAS,Nonpoint,Nonpoint,2310002000
NP-OilGas,OILGAS,Nonpoint,Nonpoint,2310002301
NP-OilGas,OILGAS,Nonpoint,Nonpoint,2310002305
NP-OilGas,OILGAS,Nonpoint,Nonpoint,2310002401
NP-OilGas,OILGAS,Nonpoint,Nonpoint,2310002411
NP-OilGas,OILGAS,Nonpoint,Nonpoint,2310002421
NP-OilGas,OILGAS,Nonpoint,Nonpoint,2310010000
NP-OilGas,OILGAS,Nonpoint,Nonpoint,2310010100
NP-OilGas,OILGAS,Nonpoint,Nonpoint,2310010200
NP-OilGas,OILGAS,Nonpoint,Nonpoint,2310010300
NP-OilGas,OILGAS,Nonpoint,Nonpoint,2310010700
NP-OilGas,OILGAS,Nonpoint,Nonpoint,2310010800
NP-OilGas,OILGAS,Nonpoint,Nonpoint,2310011000
NP-OilGas,OILGAS,Nonpoint,Nonpoint,2310011020
NP-OilGas,OILGAS,Nonpoint,Nonpoint,2310011100
NP-OilGas,OILGAS,Nonpoint,Nonpoint,2310011201
NP-OilGas,OILGAS,Nonpoint,Nonpoint,2310011450
NP-OilGas,OILGAS,Nonpoint,Nonpoint,2310011500
NP-OilGas,OILGAS,Nonpoint,Nonpoint,2310011501
NP-OilGas,OILGAS,Nonpoint,Nonpoint,2310011502
NP-OilGas,OILGAS,Nonpoint,Nonpoint,2310011503
NP-OilGas,OILGAS,Nonpoint,Nonpoint,2310011504
NP-OilGas,OILGAS,Nonpoint,Nonpoint,2310011505
NP-OilGas,OILGAS,Nonpoint,Nonpoint,2310011506
NP-OilGas,OILGAS,Nonpoint,Nonpoint,2310012000
NP-OilGas,OILGAS,Nonpoint,Nonpoint,2310012020
NP-OilGas,OILGAS,Nonpoint,Nonpoint,2310012511
NP-OilGas,OILGAS,Nonpoint,Nonpoint,2310012512
NP-OilGas,OILGAS,Nonpoint,Nonpoint,2310012515
NP-OilGas,OILGAS,Nonpoint,Nonpoint,2310012516
NP-OilGas,OILGAS,Nonpoint,Nonpoint,2310012521
NP-OilGas,OILGAS,Nonpoint,Nonpoint,2310012522
NP-OilGas,OILGAS,Nonpoint,Nonpoint,2310012525
NP-OilGas,OILGAS,Nonpoint,Nonpoint,2310012526
NP-OilGas,OILGAS,Nonpoint,Nonpoint,2310020000
NP-OilGas,OILGAS,Nonpoint,Nonpoint,2310020600
NP-OilGas,OILGAS,Nonpoint,Nonpoint,2310020700
NP-OilGas,OILGAS,Nonpoint,Nonpoint,2310020800
NP-OilGas,OILGAS,Nonpoint,Nonpoint,2310021010
NP-OilGas,OILGAS,Nonpoint,Nonpoint,2310021011
NP-OilGas,OILGAS,Nonpoint,Nonpoint,2310021030
NP-OilGas,OILGAS,Nonpoint,Nonpoint,2310021100
NP-OilGas,OILGAS,Nonpoint,Nonpoint,2310021101
NP-OilGas,OILGAS,Nonpoint,Nonpoint,2310021102
NP-OilGas,OILGAS,Nonpoint,Nonpoint,2310021103
NP-OilGas,OILGAS,Nonpoint,Nonpoint,2310021201
NP-OilGas,OILGAS,Nonpoint,Nonpoint,2310021202
NP-OilGas,OILGAS,Nonpoint,Nonpoint,2310021203
NP-OilGas,OILGAS,Nonpoint,Nonpoint,2310021251
NP-OilGas,OILGAS,Nonpoint,Nonpoint,2310021300
NP-OilGas,OILGAS,Nonpoint,Nonpoint,2310021301
NP-OilGas,OILGAS,Nonpoint,Nonpoint,2310021302
NP-OilGas,OILGAS,Nonpoint,Nonpoint,2310021303
NP-OilGas,OILGAS,Nonpoint,Nonpoint,2310021310
NP-OilGas,OILGAS,Nonpoint,Nonpoint,2310021351
NP-OilGas,OILGAS,Nonpoint,Nonpoint,2310021400
NP-OilGas,OILGAS,Nonpoint,Nonpoint,2310021401
NP-OilGas,OILGAS,Nonpoint,Nonpoint,2310021402
NP-OilGas,OILGAS,Nonpoint,Nonpoint,2310021403
NP-OilGas,OILGAS,Nonpoint,Nonpoint,2310021411
NP-OilGas,OILGAS,Nonpoint,Nonpoint,2310021450
NP-OilGas,OILGAS,Nonpoint,Nonpoint,2310021500
NP-OilGas,OILGAS,Nonpoint,Nonpoint,2310021501
NP-OilGas,OILGAS,Nonpoint,Nonpoint,2310021502
NP-OilGas,OILGAS,Nonpoint,Nonpoint,2310021503
NP-OilGas,OILGAS,Nonpoint,Nonpoint,2310021504
NP-OilGas,OILGAS,Nonpoint,Nonpoint,2310021505
NP-OilGas,OILGAS,Nonpoint,Nonpoint,2310021506
NP-OilGas,OILGAS,Nonpoint,Nonpoint,2310021509
NP-OilGas,OILGAS,Nonpoint,Nonpoint,2310021600
NP-OilGas,OILGAS,Nonpoint,Nonpoint,2310021601
NP-OilGas,OILGAS,Nonpoint,Nonpoint,2310021602
NP-OilGas,OILGAS,Nonpoint,Nonpoint,2310021603
NP-OilGas,OILGAS,Nonpoint,Nonpoint,2310021604
NP-OilGas,OILGAS,Nonpoint,Nonpoint,2310021605
NP-OilGas,OILGAS,Nonpoint,Nonpoint,2310021700
NP-OilGas,OILGAS,Nonpoint,Nonpoint,2310022000
NP-OilGas,OILGAS,Nonpoint,Nonpoint,2310022010
NP-OilGas,OILGAS,Nonpoint,Nonpoint,2310022051
NP-OilGas,OILGAS,Nonpoint,Nonpoint,2310022090
NP-OilGas,OILGAS,Nonpoint,Nonpoint,2310022105
NP-OilGas,OILGAS,Nonpoint,Nonpoint,2310022410
NP-OilGas,OILGAS,Nonpoint,Nonpoint,2310022420
NP-OilGas,OILGAS,Nonpoint,Nonpoint,2310022501
NP-OilGas,OILGAS,Nonpoint,Nonpoint,2310022502
NP-OilGas,OILGAS,Nonpoint,Nonpoint,2310022505
NP-OilGas,OILGAS,Nonpoint,Nonpoint,2310022506
NP-OilGas,OILGAS,Nonpoint,Nonpoint,2310023010
NP-OilGas,OILGAS,Nonpoint,Nonpoint,2310023030
NP-OilGas,OILGAS,Nonpoint,Nonpoint,2310023100
NP-OilGas,OILGAS,Nonpoint,Nonpoint,2310023102
NP-OilGas,OILGAS,Nonpoint,Nonpoint,2310023202
NP-OilGas,OILGAS,Nonpoint,Nonpoint,2310023251
NP-OilGas,OILGAS,Nonpoint,Nonpoint,2310023300
NP-OilGas,OILGAS,Nonpoint,Nonpoint,2310023302
NP-OilGas,OILGAS,Nonpoint,Nonpoint,2310023310
NP-OilGas,OILGAS,Nonpoint,Nonpoint,2310023351
NP-OilGas,OILGAS,Nonpoint,Nonpoint,2310023400
NP-OilGas,OILGAS,Nonpoint,Nonpoint,2310023509
NP-OilGas,OILGAS,Nonpoint,Nonpoint,2310023511
NP-OilGas,OILGAS,Nonpoint,Nonpoint,2310023512
NP-OilGas,OILGAS,Nonpoint,Nonpoint,2310023513
NP-OilGas,OILGAS,Nonpoint,Nonpoint,2310023515
NP-OilGas,OILGAS,Nonpoint,Nonpoint,2310023516
NP-OilGas,OILGAS,Nonpoint,Nonpoint,2310023600
NP-OilGas,OILGAS,Nonpoint,Nonpoint,2310023603
NP-OilGas,OILGAS,Nonpoint,Nonpoint,2310023606
NP-OilGas,OILGAS,Nonpoint,Nonpoint,2310030401
NP-OilGas,OILGAS,Nonpoint,Nonpoint,2310111100
NP-OilGas,OILGAS,Nonpoint,Nonpoint,2310111401
NP-OilGas,OILGAS,Nonpoint,Nonpoint,2310111700
NP-OilGas,OILGAS,Nonpoint,Nonpoint,2310112401
NP-OilGas,OILGAS,Nonpoint,Nonpoint,2310121100
NP-OilGas,OILGAS,Nonpoint,Nonpoint,2310121401
NP-OilGas,OILGAS,Nonpoint,Nonpoint,2310121700
NP-OilGas,OILGAS,Nonpoint,Nonpoint,2310122100
NP-OilGas,OILGAS,Nonpoint,Nonpoint,2310321010
NP-OilGas,OILGAS,Nonpoint,Nonpoint,2310321100
NP-OilGas,OILGAS,Nonpoint,Nonpoint,2310321400
NP-OilGas,OILGAS,Nonpoint,Nonpoint,2310321603
NP-OilGas,OILGAS,Nonpoint,Nonpoint,2310400220
NP-OilGas,OILGAS,Nonpoint,Nonpoint,2310421010
NP-OilGas,OILGAS,Nonpoint,Nonpoint,2310421100
NP-OilGas,OILGAS,Nonpoint,Nonpoint,2310421400
NP-OilGas,OILGAS,Nonpoint,Nonpoint,2310421603
NP-Industrial,NPHI,Nonpoint,Nonpoint,2311000000
NP-Industrial,NPHI,Nonpoint,Nonpoint,2311010000
NP-Industrial,NPHI,Nonpoint,Nonpoint,2311010070
NP-Industrial,NPHI,Nonpoint,Nonpoint,2311020000
NP-Industrial,NPHI,Nonpoint,Nonpoint,2311030000
NP-Industrial,NPHI,Nonpoint,Nonpoint,2312000000
NP-Industrial,NPHI,Nonpoint,Nonpoint,2325000000
NP-Industrial,NPHI,Nonpoint,Nonpoint,2325060000
NP-Industrial,NPHI,Nonpoint,Nonpoint,2399000000
NP-Industrial,NPHI,Nonpoint,Nonpoint,2399010000
NP-SolventsCoatings,NPLO,Nonpoint,Nonpoint,2401001000
NP-SolventsCoatings,NPLO,Nonpoint,Nonpoint,2401001050
NP-SolventsCoatings,NPLO,Nonpoint,Nonpoint,2401005000
NP-SolventsCoatings,NPLO,Nonpoint,Nonpoint,2401005700
NP-SolventsCoatings,NPLO,Nonpoint,Nonpoint,2401005800
NP-SolventsCoatings,NPLO,Nonpoint,Nonpoint,2401008000
NP-SolventsCoatings,NPLO,Nonpoint,Nonpoint,2401010000
NP-SolventsCoatings,NPLO,Nonpoint,Nonpoint,2401015000
NP-SolventsCoatings,NPLO,Nonpoint,Nonpoint,2401020000
NP-SolventsCoatings,NPLO,Nonpoint,Nonpoint,2401025000
NP-SolventsCoatings,NPLO,Nonpoint,Nonpoint,2401030000
NP-SolventsCoatings,NPLO,Nonpoint,Nonpoint,2401035000
NP-SolventsCoatings,NPLO,Nonpoint,Nonpoint,2401040000
NP-SolventsCoatings,NPLO,Nonpoint,Nonpoint,2401045000
NP-SolventsCoatings,NPLO,Nonpoint,Nonpoint,2401050000
NP-SolventsCoatings,NPLO,Nonpoint,Nonpoint,2401055000
NP-SolventsCoatings,NPLO,Nonpoint,Nonpoint,2401060000
NP-SolventsCoatings,NPLO,Nonpoint,Nonpoint,2401065000
NP-SolventsCoatings,NPLO,Nonpoint,Nonpoint,2401070000
NP-SolventsCoatings,NPLO,Nonpoint,Nonpoint,2401075000
NP-SolventsCoatings,NPLO,Nonpoint,Nonpoint,2401080000
NP-SolventsCoatings,NPLO,Nonpoint,Nonpoint,2401085000
NP-SolventsCoatings,NPLO,Nonpoint,Nonpoint,2401090000
NP-SolventsCoatings,NPLO,Nonpoint,Nonpoint,2401100000
NP-SolventsCoatings,NPLO,Nonpoint,Nonpoint,2401200000
NP-SolventsCoatings,NPLO,Nonpoint,Nonpoint,2415000000
NP-SolventsCoatings,NPLO,Nonpoint,Nonpoint,2420000000
NP-SolventsCoatings,NPLO,Nonpoint,Nonpoint,2420020055
NP-SolventsCoatings,NPLO,Nonpoint,Nonpoint,2425000000
NP-SolventsCoatings,NPLO,Nonpoint,Nonpoint,2440000000
NP-SolventsCoatings,NPLO,Nonpoint,Nonpoint,2440020000
NP-SolventsCoatings,NPLO,Nonpoint,Nonpoint,2460000000
NP-SolventsCoatings,NPLO,Nonpoint,Nonpoint,2460100000
NP-SolventsCoatings,NPLO,Nonpoint,Nonpoint,2460140000
NP-SolventsCoatings,NPLO,Nonpoint,Nonpoint,2460200000
NP-SolventsCoatings,NPLO,Nonpoint,Nonpoint,2460400000
NP-SolventsCoatings,NPLO,Nonpoint,Nonpoint,2460500000
NP-SolventsCoatings,NPLO,Nonpoint,Nonpoint,2460600000
NP-SolventsCoatings,NPLO,Nonpoint,Nonpoint,2460800000
NP-SolventsCoatings,NPLO,Nonpoint,Nonpoint,2460900000
NP-SolventsCoatings,NPLO,Nonpoint,Nonpoint,2461000000
NP-SolventsCoatings,NPLO,Nonpoint,Nonpoint,2461020000
NP-SolventsCoatings,NPLO,Nonpoint,Nonpoint,2461021000
NP-SolventsCoatings,NPLO,Nonpoint,Nonpoint,2461022000
NP-SolventsCoatings,NPLO,Nonpoint,Nonpoint,2461023000
NP-SolventsCoatings,NPLO,Nonpoint,Nonpoint,2461024000
NP-SolventsCoatings,NPLO,Nonpoint,Nonpoint,2461160000
NP-SolventsCoatings,NPLO,Nonpoint,Nonpoint,2461800001
NP-SolventsCoatings,NPLO,Nonpoint,Nonpoint,2461800002
NP-SolventsCoatings,NPLO,Nonpoint,Nonpoint,2461850000
NP-SolventsCoatings,NPLO,Nonpoint,Nonpoint,2461900000
NP-StorageTransfer_BulkTerminals_GasStage1,NPLO,Nonpoint,Nonpoint,2501000150
NP-MiscellaneousNonindustrial,NPLO,Nonpoint,Nonpoint,2501011011
NP-MiscellaneousNonindustrial,NPLO,Nonpoint,Nonpoint,2501011012
NP-MiscellaneousNonindustrial,NPLO,Nonpoint,Nonpoint,2501011013
NP-MiscellaneousNonindustrial,NPLO,Nonpoint,Nonpoint,2501011014
NP-MiscellaneousNonindustrial,NPLO,Nonpoint,Nonpoint,2501011015
NP-MiscellaneousNonindustrial,NPLO,Nonpoint,Nonpoint,2501012011
NP-MiscellaneousNonindustrial,NPLO,Nonpoint,Nonpoint,2501012012
NP-MiscellaneousNonindustrial,NPLO,Nonpoint,Nonpoint,2501012013
NP-MiscellaneousNonindustrial,NPLO,Nonpoint,Nonpoint,2501012014
NP-MiscellaneousNonindustrial,NPLO,Nonpoint,Nonpoint,2501012015
NP-StorageTransfer_BulkTerminals_GasStage1,NPLO,Nonpoint,Nonpoint,2501050120
NP-StorageTransfer_BulkTerminals_GasStage1,NPLO,Nonpoint,Nonpoint,2501055120
NP-StorageTransfer_BulkTerminals_GasStage1,NPLO,Nonpoint,Nonpoint,2501060050
NP-StorageTransfer_BulkTerminals_GasStage1,NPLO,Nonpoint,Nonpoint,2501060051
NP-StorageTransfer_BulkTerminals_GasStage1,NPLO,Nonpoint,Nonpoint,2501060052
NP-StorageTransfer_BulkTerminals_GasStage1,NPLO,Nonpoint,Nonpoint,2501060053
NP-StorageTransfer_BulkTerminals_GasStage1,NPLO,Nonpoint,Nonpoint,2501060201
NP-StorageTransfer_BulkTerminals_GasStage1,NPLO,Nonpoint,Nonpoint,2501070053
NP-StorageTransfer_BulkTerminals_GasStage1,NPLO,Nonpoint,Nonpoint,2501070201
NP-StorageTransfer_BulkTerminals_GasStage1,NPLO,Nonpoint,Nonpoint,2501080050
NP-StorageTransfer_BulkTerminals_GasStage1,NPLO,Nonpoint,Nonpoint,2501080100
NP-StorageTransfer_BulkTerminals_GasStage1,NPLO,Nonpoint,Nonpoint,2501080201
NP-StorageTransfer_BulkTerminals_GasStage1,NPLO,Nonpoint,Nonpoint,2501995120
NP-StorageTransfer_BulkTerminals_GasStage1,NPLO,Nonpoint,Nonpoint,2501995180
NP-StorageTransfer_BulkTerminals_GasStage1,NPLO,Nonpoint,Nonpoint,2505000120
NP-StorageTransfer_BulkTerminals_GasStage1,NPLO,Nonpoint,Nonpoint,2505010000
NP-StorageTransfer_BulkTerminals_GasStage1,NPLO,Nonpoint,Nonpoint,2505020000
NP-StorageTransfer_BulkTerminals_GasStage1,NPLO,Nonpoint,Nonpoint,2505020030
NP-StorageTransfer_BulkTerminals_GasStage1,NPLO,Nonpoint,Nonpoint,2505020060
NP-StorageTransfer_BulkTerminals_GasStage1,NPLO,Nonpoint,Nonpoint,2505020090
NP-StorageTransfer_BulkTerminals_GasStage1,NPLO,Nonpoint,Nonpoint,2505020120
NP-StorageTransfer_BulkTerminals_GasStage1,NPLO,Nonpoint,Nonpoint,2505020150
NP-StorageTransfer_BulkTerminals_GasStage1,NPLO,Nonpoint,Nonpoint,2505020180
NP-StorageTransfer_BulkTerminals_GasStage1,NPLO,Nonpoint,Nonpoint,2505020900
NP-StorageTransfer_BulkTerminals_GasStage1,NPLO,Nonpoint,Nonpoint,2505030120
NP-StorageTransfer_BulkTerminals_GasStage1,NPLO,Nonpoint,Nonpoint,2505040120
NP-StorageTransfer_BulkTerminals_GasStage1,NPLO,Nonpoint,Nonpoint,2510000000
NP-StorageTransfer_BulkTerminals_GasStage1,NPLO,Nonpoint,Nonpoint,2520010000
NP-StorageTransfer_BulkTerminals_GasStage1,NPLO,Nonpoint,Nonpoint,2525000000
NP-WasteDisposal,NPHI,Nonpoint,Nonpoint,2601000000
NP-WasteDisposal,NPHI,Nonpoint,Nonpoint,2601010000
NP-WasteDisposal,NPHI,Nonpoint,Nonpoint,2601020000
NP-WasteDisposal,NPHI,Nonpoint,Nonpoint,2610000100
NP-WasteDisposal,NPHI,Nonpoint,Nonpoint,2610000300
NP-WasteDisposal,NPHI,Nonpoint,Nonpoint,2610000400
NP-WasteDisposal,NPHI,Nonpoint,Nonpoint,2610000500
NP-WasteDisposal,NPHI,Nonpoint,Nonpoint,2610030000
NP-WasteDisposal,NPHI,Nonpoint,Nonpoint,2620030000
NP-WasteDisposal,NPHI,Nonpoint,Nonpoint,2620030001
NP-WasteDisposal,NPHI,Nonpoint,Nonpoint,2630010000
NP-WasteDisposal,NPHI,Nonpoint,Nonpoint,2630020000
NP-WasteDisposal,NPHI,Nonpoint,Nonpoint,2635000000
NP-WasteDisposal,NPHI,Nonpoint,Nonpoint,2640000000
NP-WasteDisposal,NPHI,Nonpoint,Nonpoint,2650000000
NP-WasteDisposal,NPHI,Nonpoint,Nonpoint,2650000002
NP-WasteDisposal,NPHI,Nonpoint,Nonpoint,2660000000
NP-WasteDisposal,NPHI,Nonpoint,Nonpoint,2680001000
NP-WasteDisposal,NPHI,Nonpoint,Nonpoint,2680002000
NP-WasteDisposal,NPHI,Nonpoint,Nonpoint,2680003000
BIOGENICS,BIOGENICS,Biogenics,Nonpoint,2701200000
BIOGENICS,BIOGENICS,Biogenics,Nonpoint,2701220000
NP-MiscellaneousNonindustrial,NPLO,Nonpoint,Nonpoint,2801000000
NP-MiscellaneousNonindustrial,NPLO,Nonpoint,Nonpoint,2801000003
NP-MiscellaneousNonindustrial,NPLO,Nonpoint,Nonpoint,2801000005
NP-MiscellaneousNonindustrial,NPLO,Nonpoint,Nonpoint,2801000007
NP-MiscellaneousNonindustrial,NPLO,Nonpoint,Nonpoint,2801000008
FIRE,FIRE,Fire,Nonpoint,2801500000
FIRE,FIRE,Fire,Nonpoint,2801500100
FIRE,FIRE,Fire,Nonpoint,2801500111
FIRE,FIRE,Fire,Nonpoint,2801500120
FIRE,FIRE,Fire,Nonpoint,2801500141
FIRE,FIRE,Fire,Nonpoint,2801500150
FIRE,FIRE,Fire,Nonpoint,2801500151
FIRE,FIRE,Fire,Nonpoint,2801500152
FIRE,FIRE,Fire,Nonpoint,2801500160
FIRE,FIRE,Fire,Nonpoint,2801500170
FIRE,FIRE,Fire,Nonpoint,2801500171
FIRE,FIRE,Fire,Nonpoint,2801500181
FIRE,FIRE,Fire,Nonpoint,2801500201
FIRE,FIRE,Fire,Nonpoint,2801500220
FIRE,FIRE,Fire,Nonpoint,2801500250
FIRE,FIRE,Fire,Nonpoint,2801500261
FIRE,FIRE,Fire,Nonpoint,2801500262
FIRE,FIRE,Fire,Nonpoint,2801500263
FIRE,FIRE,Fire,Nonpoint,2801500264
FIRE,FIRE,Fire,Nonpoint,2801500300
FIRE,FIRE,Fire,Nonpoint,2801500320
FIRE,FIRE,Fire,Nonpoint,2801500330
FIRE,FIRE,Fire,Nonpoint,2801500350
FIRE,FIRE,Fire,Nonpoint,2801500360
FIRE,FIRE,Fire,Nonpoint,2801500390
FIRE,FIRE,Fire,Nonpoint,2801500400
FIRE,FIRE,Fire,Nonpoint,2801500410
FIRE,FIRE,Fire,Nonpoint,2801500420
FIRE,FIRE,Fire,Nonpoint,2801500430
FIRE,FIRE,Fire,Nonpoint,2801500500
FIRE,FIRE,Fire,Nonpoint,2801500600
NP-FuelCombustion_not_RWC,NPHI,Nonpoint,Nonpoint,2801520000
NP-MiscellaneousNonindustrial,NPLO,Nonpoint,Nonpoint,2801600000
NP-MiscellaneousNonindustrial,NPLO,Nonpoint,Nonpoint,2801700001
NP-MiscellaneousNonindustrial,NPLO,Nonpoint,Nonpoint,2801700002
NP-MiscellaneousNonindustrial,NPLO,Nonpoint,Nonpoint,2801700003
NP-MiscellaneousNonindustrial,NPLO,Nonpoint,Nonpoint,2801700004
NP-MiscellaneousNonindustrial,NPLO,Nonpoint,Nonpoint,2801700005
NP-MiscellaneousNonindustrial,NPLO,Nonpoint,Nonpoint,2801700006
NP-MiscellaneousNonindustrial,NPLO,Nonpoint,Nonpoint,2801700007
NP-MiscellaneousNonindustrial,NPLO,Nonpoint,Nonpoint,2801700010
NP-MiscellaneousNonindustrial,NPLO,Nonpoint,Nonpoint,2801700011
NP-MiscellaneousNonindustrial,NPLO,Nonpoint,Nonpoint,2801700012
NP-MiscellaneousNonindustrial,NPLO,Nonpoint,Nonpoint,2801700013
NP-MiscellaneousNonindustrial,NPLO,Nonpoint,Nonpoint,2801700014
NP-MiscellaneousNonindustrial,NPLO,Nonpoint,Nonpoint,2801700015
NP-MiscellaneousNonindustrial,NPLO,Nonpoint,Nonpoint,2801700099
NP-MiscellaneousNonindustrial,NPLO,Nonpoint,Nonpoint,2805001100
NP-MiscellaneousNonindustrial,NPLO,Nonpoint,Nonpoint,2805001200
NP-MiscellaneousNonindustrial,NPLO,Nonpoint,Nonpoint,2805001300
NP-MiscellaneousNonindustrial,NPLO,Nonpoint,Nonpoint,2805002000
NP-MiscellaneousNonindustrial,NPLO,Nonpoint,Nonpoint,2805003100
NP-MiscellaneousNonindustrial,NPLO,Nonpoint,Nonpoint,2805007100
NP-MiscellaneousNonindustrial,NPLO,Nonpoint,Nonpoint,2805007300
NP-MiscellaneousNonindustrial,NPLO,Nonpoint,Nonpoint,2805008100
NP-MiscellaneousNonindustrial,NPLO,Nonpoint,Nonpoint,2805008200
NP-MiscellaneousNonindustrial,NPLO,Nonpoint,Nonpoint,2805008300
NP-MiscellaneousNonindustrial,NPLO,Nonpoint,Nonpoint,2805009100
NP-MiscellaneousNonindustrial,NPLO,Nonpoint,Nonpoint,2805009200
NP-MiscellaneousNonindustrial,NPLO,Nonpoint,Nonpoint,2805009300
NP-MiscellaneousNonindustrial,NPLO,Nonpoint,Nonpoint,2805010100
NP-MiscellaneousNonindustrial,NPLO,Nonpoint,Nonpoint,2805010200
NP-MiscellaneousNonindustrial,NPLO,Nonpoint,Nonpoint,2805010300
NP-MiscellaneousNonindustrial,NPLO,Nonpoint,Nonpoint,2805018000
NP-MiscellaneousNonindustrial,NPLO,Nonpoint,Nonpoint,2805019100
NP-MiscellaneousNonindustrial,NPLO,Nonpoint,Nonpoint,2805019200
NP-MiscellaneousNonindustrial,NPLO,Nonpoint,Nonpoint,2805019300
NP-MiscellaneousNonindustrial,NPLO,Nonpoint,Nonpoint,2805020002
NP-MiscellaneousNonindustrial,NPLO,Nonpoint,Nonpoint,2805021100
NP-MiscellaneousNonindustrial,NPLO,Nonpoint,Nonpoint,2805021200
NP-MiscellaneousNonindustrial,NPLO,Nonpoint,Nonpoint,2805021300
NP-MiscellaneousNonindustrial,NPLO,Nonpoint,Nonpoint,2805022100
NP-MiscellaneousNonindustrial,NPLO,Nonpoint,Nonpoint,2805022200
NP-MiscellaneousNonindustrial,NPLO,Nonpoint,Nonpoint,2805022300
NP-MiscellaneousNonindustrial,NPLO,Nonpoint,Nonpoint,2805023100
NP-MiscellaneousNonindustrial,NPLO,Nonpoint,Nonpoint,2805023200
NP-MiscellaneousNonindustrial,NPLO,Nonpoint,Nonpoint,2805023300
NP-MiscellaneousNonindustrial,NPLO,Nonpoint,Nonpoint,2805025000
NP-MiscellaneousNonindustrial,NPLO,Nonpoint,Nonpoint,2805030000
NP-MiscellaneousNonindustrial,NPLO,Nonpoint,Nonpoint,2805030007
NP-MiscellaneousNonindustrial,NPLO,Nonpoint,Nonpoint,2805030008
NP-MiscellaneousNonindustrial,NPLO,Nonpoint,Nonpoint,2805035000
NP-MiscellaneousNonindustrial,NPLO,Nonpoint,Nonpoint,2805039100
NP-MiscellaneousNonindustrial,NPLO,Nonpoint,Nonpoint,2805039200
NP-MiscellaneousNonindustrial,NPLO,Nonpoint,Nonpoint,2805039300
NP-MiscellaneousNonindustrial,NPLO,Nonpoint,Nonpoint,2805040000
NP-MiscellaneousNonindustrial,NPLO,Nonpoint,Nonpoint,2805045000
NP-MiscellaneousNonindustrial,NPLO,Nonpoint,Nonpoint,2805047100
NP-MiscellaneousNonindustrial,NPLO,Nonpoint,Nonpoint,2805047300
NP-MiscellaneousNonindustrial,NPLO,Nonpoint,Nonpoint,2805053100
NP-MiscellaneousNonindustrial,NPLO,Nonpoint,Nonpoint,2806010000
NP-MiscellaneousNonindustrial,NPLO,Nonpoint,Nonpoint,2806015000
NP-MiscellaneousNonindustrial,NPLO,Nonpoint,Nonpoint,2807020001
NP-MiscellaneousNonindustrial,NPLO,Nonpoint,Nonpoint,2807020002
NP-MiscellaneousNonindustrial,NPLO,Nonpoint,Nonpoint,2807025000
NP-MiscellaneousNonindustrial,NPLO,Nonpoint,Nonpoint,2807030000
NP-MiscellaneousNonindustrial,NPLO,Nonpoint,Nonpoint,2810003000
NP-WasteDisposal,NPHI,Nonpoint,Nonpoint,2810005000
NP-MiscellaneousNonindustrial,NPLO,Nonpoint,Nonpoint,2810010000
NP-MiscellaneousNonindustrial,NPLO,Nonpoint,Nonpoint,2810025000
NP-MiscellaneousNonindustrial,NPLO,Nonpoint,Nonpoint,2810030000
NP-MiscellaneousNonindustrial,NPLO,Nonpoint,Nonpoint,2810040000
NP-MiscellaneousNonindustrial,NPLO,Nonpoint,Nonpoint,2810050000
NP-MiscellaneousNonindustrial,NPLO,Nonpoint,Nonpoint,2810060100
NP-MiscellaneousNonindustrial,NPLO,Nonpoint,Nonpoint,2810060200
NP-MiscellaneousNonindustrial,NPLO,Nonpoint,Nonpoint,2830000000
NP-MiscellaneousNonindustrial,NPLO,Nonpoint,Nonpoint,2840000000
NP-MiscellaneousNonindustrial,NPLO,Nonpoint,Nonpoint,2840010000
NP-MiscellaneousNonindustrial,NPLO,Nonpoint,Nonpoint,2850000010
NP-MiscellaneousNonindustrial,NPLO,Nonpoint,Nonpoint,2850001000
NP-MiscellaneousNonindustrial,NPLO,Nonpoint,Nonpoint,2851001000
NP-MiscellaneousNonindustrial,NPLO,Nonpoint,Nonpoint,2861000000
NP-MiscellaneousNonindustrial,NPLO,Nonpoint,Nonpoint,2861000010
NP-MiscellaneousNonindustrial,NPLO,Nonpoint,Nonpoint,2862000000
NP-SolventsCoatings,NPLO,Nonpoint,Nonpoint,2401002000
NP-SolventsCoatings,NPLO,Nonpoint,Nonpoint,2401003000
NP-SolventsCoatings,NPLO,Nonpoint,Nonpoint,2401005500
NP-SolventsCoatings,NPLO,Nonpoint,Nonpoint,2401005600
NP-SolventsCoatings,NPLO,Nonpoint,Nonpoint,2415100000
NP-SolventsCoatings,NPLO,Nonpoint,Nonpoint,2461850051
NP-SolventsCoatings,NPLO,Nonpoint,Nonpoint,2461850055
NP-SolventsCoatings,NPLO,Nonpoint,Nonpoint,2461850099
NP-MiscellaneousNonindustrial,NPLO,Nonpoint,Nonpoint,2810035000
NP-SolventsCoatings,NPLO,Nonpoint,Nonpoint,2415130000
NP-SolventsCoatings,NPLO,Nonpoint,Nonpoint,2415300000
NP-SolventsCoatings,NPLO,Nonpoint,Nonpoint,2415360000
NP-SolventsCoatings,NPLO,Nonpoint,Nonpoint,2420010370
NP-SolventsCoatings,NPLO,Nonpoint,Nonpoint,2425010000
NP-SolventsCoatings,NPLO,Nonpoint,Nonpoint,2425020000
NP-SolventsCoatings,NPLO,Nonpoint,Nonpoint,2425040000
NP-SolventsCoatings,NPLO,Nonpoint,Nonpoint,2461850001
NP-SolventsCoatings,NPLO,Nonpoint,Nonpoint,2461850005
NP-SolventsCoatings,NPLO,Nonpoint,Nonpoint,2461850006
NP-SolventsCoatings,NPLO,Nonpoint,Nonpoint,2461850009
NP-SolventsCoatings,NPLO,Nonpoint,Nonpoint,2461850056
NP-SolventsCoatings,NPLO,Nonpoint,Nonpoint,2425030000
